comment,target
Сколько этих сроков уже было. Пустые слова,-1
я вже задовбася цей касовий апарат чекать. Сил уже нема,-1
"Сегодня не грузился ютуб даже с платным VPN. Я пришла в отчаянии. Мы оказались в клетке, так её ещё и платком закрыли. 
Но, Хвала Господу!, при установке нового VPN заработало. С вас начинается мой день.",1
"Народ смотрит олимпиаду!
Там на улицах опрос был, что мол, как вы относитесь к отстранению РФ от Олимпиады. Так не все знали, что России там нет. Прикол был, когда женщина спрашивает: ""А с кем Россия воюет?... С Украиной?.. А почему Украина есть на Олимпиаде?"" Занавес!",0
Хорошая оговорочка насчет 30 лет.,0
"Команду Карпаты надо распустить, а футболистов отправить на фронт. Ухилянти.",-1
"Подробнейший анализ, разжевали доскональным образом, спасибо Вам !!!
Такое НИКТО не делает, уважение вашей команде!!",1
Спасибо за Вашу честную смелую ОПАСНУЮ работу.,1
"Какое может быть партнерство с ворами, которые налаживают торговлю оружием, сдавая свою страну (а может она им не своя?)))??? Это же очевидное ПРЕДАТЕЛЬСТВО!!!",-1
"Когда первого ребенка засунули в печь крематория концлагеря в центре Европы,а потом его пеплом посыпали скользкую дорожку в немецком саду- по определению уже тогда наступил конец евроцивилизации",-1
Благодарю!,1
"слышал то, что в звр это гарантии возврата по долгам, то есть Украине они не принадлежат фактически",0
"Спасибо, Сергей!",1
Уже вроде в Анкоридж хотят ехать,0
"20:19 ""необходима личная встреча""... на ринге в прямом эфире в поединке без правил. Вот было бы шоу!",-1
"По поводу спортсменки. Я думаю что взрослый , условно психически здоровый человек вправе сам решать что ему делать со своим телом, следовательно мне и в голову не придёт размышлять на тему правильно или не правильно поступила спортсменка, верен или не верен её выбор, а в девочек которые смотрят на спортсменку как на пример для продолжения есть родители.",0
"Про Линдси Вонн 
Посмотрите ее результаты в этом сезоне кубка прежде чем говорить про ее 41 год и профнепригодность.",-1
"48:25 
Придирка по мелочи, но вроде пишется ""United""",0
"Гера Шериф говорил как работали агенты с разбором их ошибок и слабых мест. О том, как нужно было отправлять или неотправлять агентов он не сообщал. Он исходил из того, что оперативникам дали задание и приказ, который они стремились выполнить в тех реальных условиях и на тех уровнях квалификации, которые имели.
Даже если вы оба не найдёте консенсуса я и дальше буду смотреть вас обоих! И Марка Солонина с тем чешским YouTube-бером который незаслужено поливает Марка той самой субстанцией, но про самолёты и машины рассказывает более полно и понятно.",0
"По поводу ""какать в кулечек"" - Технически, пудр-клозет ничуть не страшнее ватер-клозета при использовании и гораздо проще в реализации. Это если не говорить про продвинутый вариант с сепарацией мочи. В любом случае, это лучше, чем уличный сортир с дыркой.",1
"Пока есть что праздновать, этот мир не провалится от стыда.",-1
Линдси Вон уже была олимпийской чемпионкой в 2010 году и должна была уступить место молодежи,0
"Это еще не вспомнили про Мариупольцев, которые уезжали из Украины, через Европу в Россию чтобы вернуться в родной город, и также ""европейские"" беженцы (по поводу чего был скандал в Раде, говорили о том что так вернулись 30% жителей города, т.е. этот путь проделали около 100 тыс.человек). И все это при том что люди едут не имея гарантии что Россия даст право на вьезд, что ждет проверка которая может занят 6-8 часов, и можно получить отказ.",0
"Логически Украине давали две недели, но уже прошло в сто раз больше времени. Это что чудо или логика в этой войне не работает. Война закончится распадом России,",-1
Сергей вы насмешили записав Геру Шериф в МАГАвцы. Он лишь высказывает свое мнение как он сам лично вел бы себя будучи полицейским на месте ICE. .,-1
"Насчет поступка американской лыжницы, думаю, спортсмен волен сам принимать решение. И все-таки лыжный спорт для жизни не так опасен как бокс.",0
"41:30 По предварительным данным Национального банка Украины, золотовалютные (международные) резервы Украины по состоянию на 1 января 2026 года составили около $57,29–57,3 млрд USD.
То есть, не приближается к 70. Понимаем,конечно, 10 с хвостиком миллиардов для человека крупного масштаба это семечки, но. Если приводите цифры, они должны быть точными и правдивыми. Или у Сергея есть тайный инсайт ?",-1
А что это за клеенка на клавиатуре? Защита от кофе? Стрейч пленка эффективней.),0
"Сергей, Гера шериф никого не оправдывал. Он давал свой анализ на основании фактов",0
"Гера Шериф адекватный, профессионал, старается не трогать политику, и по своему мировоззрению и разумности - наш (и ваш)союзник. Посмотрите, чтобы сформировать свое мнение, уважаемый Сергей Любарский (просто было обидно за него))",0
"А где история из Днепра?
Она же не просто рандомная,она у всех на слуху",0
Про референдум на 16-й минуте прямо в яблочко,1
Сергей очень редко ошибается. К сожалению...,1
58:45 вроде в Португалии социалисты уже давно у власти. При этом страна в 21 веке неплохо продвинулась (иммигрантам не платят пособия),0
"Уважаемый Любаоский! Не подскажете какой государственный орган Украины, каким документом и когда объявил состояние войны Украины с РФ?",0
Благодарю за Вашу работу,1
"Не путайте Гегеля с Гоголем, уважаемый Сергей. Это я Вам не прощаю!",-1
"про Геру Шерифа - ""мимо кассы""...",-1
"Благодарю! Интересно вас слушать! Я помню, что Вы говорили до этого во многих видео. Поэтому сейчас ясно, что Вы не давите и не навязываете какую то свою позицию, а в контексте всей информации даёте самим украинцам думать и принимать решение, осознавая реальность. 
Жаль, что всё действительно плохо и даже страшно подумать, что будет дальше",1
"интересно, весь мир думает ,что кассир это трамп ,но это ошибка . кондуктор в автобусе жизни это вообще не человек и он создает условия при которых оплачивать проезд будут все .но вот проблема в том что кондуктору деньги бумажные и пр. мат ценности не нужны ему нужны духовные средства которые может выработать сфера человека . а 95% населения даже понятия об этом не имеют ,вот тут то и идет в качестве оплаты или болезни или смерть раньше времени . возможно кондуктор в качестве оплаты возьмет эмоции тех у кого нету денег на минимальные нужды и кто то даст им эту возможность . но как мне показали картину: булочки разложены в банки и повара готовы их закатать по банкам .",0
Какой поганый мир построило человечество!,-1
"В сегодняшнем выпуске прекрасно абсолютно все - гневная тирада про глупых украинцев, которые имеют наглость спорить с самим Марком Семеновичем и не хотят подписывать соглашения, потом неожиданный вывод, что Путин и не собирается подписывать никакие соглашений, потом рассказ про совещание с членами правительства по энергетике (начало звездной болезни?), потом разнос Украины по бытовым вопросам (ТЦК, русский язык, экспорт оружия) и это Яковенко записал всего один видеоролик где упомянул Любарского. Путин бомбит Украину каждую неделю, но такой бомбежки Украина не видела уже давно",-1
А шо у нас и сейчас кассовый аппарат и шо,-1
"Парламент куча навоза. У меня даже собака с этого рассеялась. Я на него уже обрушивал разные эпитеты,но как вы это зделали ,это "" бомба""",1
"А , может, слово благородство вообще не известно в нынешней Европе( бывшем центре цивилизации)?!",-1
1:04:00 какой феноменальный бред,-1
Что это значит срок до июня? Кто имеет давать сроки? Это не Иран,0
"Лавров вон копытом стучит, говорит что не по-мужски отступать от Анкориджских соглашений.",0
"9:43 Военторг ""Америка"", это как военторг ""Швейцария"" в 1940-ых: продаём взрыватели к снарядам СССР и фильтры по англ. лицензии для танковых моторов Германии.",0
"40:00 рост золото валютного запаса Украины. Если в заначке золото, то оно же выросло в цене. Может отсюда и рост с 30 до 70 миллиардов?",0
"Это все результат заявлений , что нам нужно утилизировать по 50 000 рос. в .в месяц и что сделаем блэкаут в Москве .Сделали???",-1
"Референдум в тупом одившем обществе, где будут голосовать путужні женщины и пенсионеры, у которых семьи по германия сидят, это прям будет очень потужний референдум.",-1
почему вы смешиваите в одну кашу вибори и референдум?,0
"Гера Шериф не трампист, он республиканец. Он хотел, чтоб президентом США был Рон Десантис",0
"Сергей, спасибо,пожалуйста меньше рмантизма в выводах.спасибо",1
Референдум по территориальным вопросам запрещен Конституцией Украины,0
"Как убедительно и разумно звучат ваши рассуждения о разумности выборов! Народные массы заморочены до полной шизофрении, то есть они, массы, не способны воспринимать объективную окружающую реальность. Люди живут в своих иллюзиях навеянных лживыми информаторами и убогим образованием и ничтожным общим развитием. Вам спасибо, но жаль, что ваши слова не доходят до тех, кто принимает решения",1
"Крайняя невоспитанные выпады в сторону Геры шерифа Гари Табаха, правила хорошего тона никто не отменял, Сергей в очередной раз показал своё нутро.",-1
"Добрый день из Киева. Прослушал ваш выпуск, да отопления нет, свет дают но не по графику (отключения). Вы все правильно говорите и мысль логично строите. Но мне кажется Укрина это не США. И нашим бюрократам все равно, молодеж будет выезжать а бабушки проголосуют за них..... ""благо, что золотой запас есть"". Думаю что наше воено- политическое руководство будет воевать до победы ( капитуляций россий). По крайней мере до конца 2027, а там будет видно. Так что люди будут терпеть, а марафон будет пропогандировать какие русские(путин) плохой. Вы же с Марком Солониным, правильно говорите "" маленкая россия (Украина) воююет с большой россией.",1
"Вопрос? : Ув. Сергей вы пришли в супермаркет (деньги у Вас есть) хотите купить икру осетровую, осетровый балык, трюфеля и пампанской Дон Периньон а Вам продавец не продает лицом невышли - как назвать такой маркет и Ваши действия
ПыСы аллегория на американский военный маркет - бери что дают или вали. Ваш военторг больше похож на комиссионку где самые нужные и востребованные товары либо отсутствуют либо витринный образец либо для избранных и такое супермаркетом назвать сложно",-1
"Дал срок? О на А надо поменять. Солженицина смотрел, советую тем кто умеет слушать!",0
Золотовалютный резерв это заработок для высоких чинов Ощадбанка там есть своя схема по которой они зарабатывают валютой и Зеленский у них отобрать не может потому что он ссыкло он всем дает зарабатывать чтоб на него не тыкали пальца что ты гребешь а нам не даешь остальное ему похуй,-1
"Вы последнее время стали называть МАГА ультраправыми, хотя также часто говорите что Трамп и его команда включая Венса демократы. Вам не кажется что Трамп и МАГА в целом скорее довольно умеренные политически, но очень резкие в риторике из-за чего часто отталкивают умеренных избирателей?",0
"Какая оскорбительная ахинея. 
1. Lindsey Vonn - ""единственная причина почему ее допустили, потому что она известна, а известна, потому что хорошенькая"". ""... а известна она потому что подружка гольф-игрока""
На самом деле Линдси одна из самых титулованных горнолыжниц за всю историю Кубка мира. А в дисциплине downhill она САМАЯ титулованная за всю историю.
2. ""Ей 41 год.... наверняка она была не в лучшей спортивной форме"", (пора уходить, бла-бла-бла). 
На самом деле в текущем сезоне 2025-2026 прошло 5 этапов кубка мира по горным лыжам в дисциплине downhill из которых Линдси выиграла 2, а в 3х других заняла либо второе либо третье место. В дисциплине downhill на 311.26 Линдси занимает 1 место в рейтинге. Взявшая золото олимпиады 2026 представительница США Бризи Джонсон - 6-ая, следующие в рейтинге горнолыжницы США занимают всего лишь 15 и 26 места. Линдси в Кортине выигрывала 9 раз.
3. ""Она подала дурной пример, поставив свое спортивное достижение выше здоровья""
На самом деле так устроен большой спорт.
ИТОГО. 
Сами подберите эпитеты для того, кто пользуясь авторитетом, транслирует на свою аудиторию поток своих личных эмоций даже не потрудившись изучить факты. И регулярно заявляет об объективности .",-1
"Меня терзают сомнения. Как возникла такая ситуация. Есть объективные причины - сильные морозы. Как бы это не звучало дико, но зимой такое бывает. Это вполне можно было предугадать и подготовиться к этому. 
А теперь к субъективному. Почему в Киеве возникла такая ситуация? Вариант первый: Россияне качественно усовершенствовали свои ракеты,тактику их применения и количество настолько, что передовые системы западного ПВО не справляются. Вопрос: почему тогда российские системы ПВО никак не помогли режиму Венесуэлы, что даже Венс язвительно ""подколол"" россиян в своём выступлении? Ведь в условиях войны необходимо усовершенствовать как ударные, так и оборонительные орудия.
Второе: Киевский режим не подготовил энергосистему к зиме. Не были закуплены снаряды для ПВО в достаточном количестве. Об отсутствии ракет для ""Патриот"" как раз в пики морозов недавно заявил Зеленский. Если не было ракет, то почему? Не захотели покупать или не захотели продавать? Сейчас они вроде как появились и сбили Цирконы(если верить поступающей информации).
Может получается так, что правительство Украины вместе с партнёрами или без них вольно или невольно создали условия в которых Путин получил как минимум моральное преимущество. Дали ему карты в руки. И теперь создается впечатление, что Украина на грани гибели, а Путин в полушаге от победы. Надо лишь разобраться с тем, ощущение это или реальность.",0
"Ну продажа оружия это норм, ибо производители не могут продавать все государству, это хорошее решение, но очень запоздалое",1
"12:00 ""...прикрыть свою зaдницу..."" Ясно, один президент делал вид что поставляет оружие в Украину, а второй делает вид что пытается закончить войну
Причем выглядит так, что вы подсуживаете Трампа, что Байден-то точно маньчжурский кандидат. А Трамп искренне пытался, но ему не дали. Он сделал всё, что мог",-1
"То, что отложено в ""кубышку"" рано или поздно можно стырить и попилить, а снаряд улетевший в сторону России, он уже всё.. тю-тю..",0
Как стыдно за человечество,-1
"А шо там по поводу письма к генпрокурору Украины и продолжения полемики с блогером, с некой еврейской фамилией Якименко ( Иахим)) есть тут шото? Напишите, кто нибудь. А то, остальное, я и так уже 100 раз слышал.",-1
"Сергей,Вас же слушают, как бы теперь не потушили Куйбышев!) Чтоб Россию победить)",-1
"Донбасс уже не обсуждается, поезд уплыл Любарский так говорит, как будто всерьез такой вариант рассматривался и с таким намеком, что в этом хоть какая-то косвенно есть вина Украины. И ещ уточнение. Трамп от вас отвязался - сказал Любарский. Поясняю для тех, кто не в курсе. До выборов в конгресс Трамп будет пытаться и дальше трусливо склонять Украину к поражению и распаду, чтобы ценой Украины приостановить войну. Как вы понимаете, это невозможно и поэтому Трамп проиграет выборы в Конгресс, ибо его провалы по всем остальным фронтам не оставляют ему шансов удержать большинство.",-1
"Насчет экспорта я не согласен. С точки зрения экономики, увеличение обьемов производства будет способствовать экономике масштабирования (средняя затрата будет минимизирована), что повлияет на конечную цену товара в том числе и для Украинского правительства. В краткосрочной перспективе все предприятия смогут добиться заветного равновесия МВ=МС, а в долгосрочной перспективе эскпансия даст значительный прирост производственных мощностей и увеличение доходов/прибыли. Так же экспорт сможет улучшить плачевное сальдо торгового баланса и обеспечит прирост поступлений капитала в Украину. ТАК ЧТО ЕСЛИ ЕСТЬ ШАНС ДАТЬ НЕБОЛЬШОЙ БУСТ НАШЕЙ ЭКОНОМИКЕ, ИМ НАДО ПОЛЬЗОВАТЬСЯ. ИМХО, будущее экономики Украины я вижу как раз в производстве гражданских и военных дронов. Ну это конечно при условии, что наше правительство как всегда не обгадиться)",0
Пресс-секретарь Трампа конечно такой же агрессивный как и сам Трамп. Ее же сам Трамп и выбирал. Ничего удивительного. Хрен вы дождетесь объединения и полит терпимости.,-1
Зачем кубышка? - что все своровать в последний момент,0
"Так много у вас общего с Гордоном, что аж страшно свои сверхсекретные источники и совещания с правительством, а с мировым правительством вы проводите совещания?",-1
"Что-то Любарскому и искусственный интеллект не помогает делать выпуски.
Какой-то бред про Лидси Вон, ну это уровень ниже плинтуса. Оказывается один из лидеров кубка мира зашла с черного хода и пошли примитивные сплетни. Да и в хоккей швеки просто сильней немок, закрытый туалет не помог не помешал.
Официальная квалификация: 23 декабря 2025 года было объявлено, что 41-летняя Вонн официально выполнила квалификационные требования для участия в скоростном спуске.
Результаты Кубка мира: Для получения олимпийской квоты она показала высокие результаты в начале сезона 2025–26, включая сенсационную победу в скоростном спуске в Санкт-Морице в декабре 2025 года.",-1
"Уважаемый Сергей, не согласен с вами, что всё у путина идет по плану, даже официальные лица в рф и многие имеющие отношение к бизнесу и экономике, говорят о том,что экономика рф на пределе и к лету ожидается серьезнейший кризис,признаки которого уже видны невооружённым глазом,поэтому видимо путин решил форсировать вопрос, интенсифицировав удары по Украине, надеясь за оставшееся время принудить Украину к сдаче,но это у него не получится с вероятностью 90 проценто, запад,как вы правильно заметили, молчит и практически бездействует,если бы тот же трамп целый год не занимался непонятно чем,а дал Томагавки,то война давно бы уже закончилась",0
Якименко ещё не извенился за свою речь?,0
"Подскажиье, успели ли передать Виктову информацыю о выступлении Яковенко? Или немного не успели))",-1
в чём ваш интерес что вы американец так интенсивно внушаете русскоговорящему сообществу так активно впариваете свою политическую позицию ? или не свою?,-1
"Сам считаю себя нигилистом, но нести в массы как делали те не очень далёкие эту философиию я не собираюсь и максимально их осуждаю. Вообще нести в массы нигилизм, противоречит самому нигилизму, к этому разве что приходят сами или как там говорят, состояние души.. если такова существует.",0
"Золотовалютные резервы Украины хранятся за границей, контролируются МВФ и Украина не может использовать их по собственному решению.",0
"23:40 Чувак, ты уже забыл как 6 минут назад клеймил украинцев за нежелание подписывать договор? У тебя настолько сильная деменция, что ты не помнишь, что говорил 6 минут назад? Может тогда не надо вести канал? Или кремлёвские деньги настолько сильно влекут? подлец.",-1
Какой хитрий дядя....,-1
"Григорий, в вашей аргументации есть странный парадокс.

С одной стороны, вы прямо утверждаете, что Путину мир или прекращение огня не нужны в принципе, и он лишь имитирует процесс, выдвигая заведомо неприемлемые условия. То есть, по вашим словам, он даже не собирается ничего подписывать.

Но с другой стороны, вы раз за разом повторяете, что Украине нужно отказаться от части территорий, чтобы немедленно прекратить войну.

Объясните логику: как отказ от территорий может прекратить войну, если, как вы сами говорите, Путин вообще не настроен на подписание мира? Если он не покупает, то какая разница, какую цену (в виде территорий) выставляет Украина? В вашей интерпретации получается, что Украина должна просто отдать землю в одностороннем порядке, не получая взамен даже призрачного шанса на прекращение огня. Это выглядит не как стратегия мира, а как призыв к капитуляции без всяких гарантий.",1
"Не просто абсурд, но и не прикрытая наглость Зеленского: говорить о мире и одновременно гнать на марафоне не примиримость и призывать к продолжению войны.",-1
"Сергей у вас разумная аналитика я ее поддерживаю. А в отношении украинской стороны то это чистый КВН в прямом и переносном смысле. Ну отрабатывает деньги он европы . там много воровать, уйма возможностей и желание КВЭНИТЬ поэтому. Украине выгодны даже такие условия не выгодны зеленскому потому что прийдеться ответить на много вопросов вот поэтому мир наступит.Увы как грусно это признать. то не путина ради мира надо вперед ногами а кого то другого и пока всем это ненадоест и прийдут к такому выводу мира не будет...",1
"Не так страшен путин как его Гетьманев!
С каждого украинца берут по полной программе растаможку за генераторы до 6квт.
Вот где вопросы!",0
Это кошмар то что происходит с Украиной у тоже ничего хорошего Хамас не думает разоружаться а Трамп уже решил восстанавливать Газу полный абсурд а с Ираном что достигнута одна болтовня и обещания,-1
У меня создается впечатление что Любарский не хочет остановки войны даже сильнее чем зеоенский.,-1
"Генерал СВР и Соловей утверждают, что перед каждым массированным ударом по Украине, он предупреждает лично Трампа. И только единственный раз Трамп отреагировал, когда сказал, что в Украине сильные морозы и попросил недельку не бить по энергетике. Трамп лично потвердил, когда напрямую его спросили журналисты. О чем тогда говорить?",0
"А как насчёт договороспособности Зеленского?Он сорвал Минские договора и Стамбульские договора.Зеленский , а не Путин.",0
"Сергей! А вам не кажется, что Пупкин усиливает обстрелы именно потому, что старается принудить Зеленского к скорейшему перемирию? И если ему так нужно перемирие - то разумно было бы на него согласиться, и взамен чего то дополнительно потребовать. В не защищать упрямо оставшийся кусочек Донбасса?",0
"В том и главная проблема: нет и не будет ответа на вопрос ""получится или не получится у Путина то-то и то-то"". Получится, но только отчасти и неизвестно когда. Болото.",0
"Благодарю. Хорошей недели. Вы когда-то сказали, что для наведения порядка с мигрантами надо принять несколько действенных законов. Всё остальное, картинка для друзей. Все знают, в Украине война. А, есть закон, документ подписанный и проголосов., в Украине война? Иначе в реальности для простого укр. народа война, для всех остальный манипуляция(картинка для друзей). То, что Вы назвали маразмом, воюющая страна продаёт оружие, было просто не возможно. А, коррупционеры автоматич. стали бы преступниками и предателями? Западу тоже получается выгодно? Языком можно молоть, что угодно, а потом просто забыть или не так поняли. Мы знаем идёт геноцид укр. народа. А ,есть закон или официал. документ для западного мира? Который узакон., это преступление. Снести памятники голосуют.Запретить книги, фильмы подписыв.и голосуют. Уничтожение церквей, языка подписыв. и голосуют. Для мировых лидеров, мирового сообщества в законой плоскости, что у нас война или сво ?",1
"45:25 
Толпа терпела бедность, кризис, беспредел и прочее, и русский язык стерпит.",0
Кого вы обвипняете а не украинские власти привели сюда вой,-1
Болтология,-1
"По кейсу Линдси Вонн. Сергей, это не про рациональное мышление. Большой спорт он вообще не про это, там во многих видах (есть исключения: плавание, академическая гребля), вообще нет не травмированных. Но есть порода людей, которые идут на это осознанно. 2,5–3 км, перепад высот 550–800 метров, скорость 150–100 км/ч и полторы/две с небольшим минуты — вот где жила Линдси. Если эти цифры не будоражат ваш мозг а сердце не начинает биться чаще, вам не понять её мотивации. Утке не понять, зачем орёл парит в облаках. Многие говорят — безумие. Да, но у этого вида безумия есть специальное имя — страсть. Преодолеть свой страх, пройти по лезвию бритвы, там где другие ""сбросят газ""; только так можно достичь вершины. Оставаться на ней — это удел избранных. Она Королева горных лыж. Женщина Киборг. Моё почтение. А по поводу ""ей 41 и попала за былые заслуги и красивая"", таки да: красивая. Но, к началу Олимпиады Вонн занимала 1-е место в мировом зачете Кубка мира по скоростному спуску (400 очков) и в тренировочных спусках перед основной гонкой уступала лидерам менее пол секунды (вторая тренировка — 4-е место и третья — 2-е место). Так что, Сергей, учите матчасть.",-1
"У России ситуация не улучшится! Это он тоже знает,поэтому ва-банк пошел. Вы часто неверно трактуете. Говорите факт,но далее трактуете не логично. 
Трамп в первые дни президентства говорил что эту войну должны европейцы решать. Он этого достиг. У Путина нет денег продолжать войну. Я живу в России. Экономика до такой ситуации ухудшилась что на улице уже видно ее. И я живу в приличном городе. Ширяева послушайте он все точно про экономику России говорит и про Трампа к стати тоже. Ведь на Руском языке мало экономистов кто понимает политика Трампа.",0
"Аналитика Любарского, - Аналитика ангажированного MAGA-вского трамписта! Не более! Респект Илларионову!",-1
"Разве не Зеленский начал первым разрушать энергообьекты России?. Помню даже отказался договариваться о прекращении этих самых отак. А логика была примитивная- пока РФ выбивает мелкие сёла и посёлки, Украина будет уничтожать Российские НПз. Не срослось.",-1
"Что то пан Любарский совсем того, обычно передергивал факты, показывали нужные нарезки, частые повторы, сейчас все сводится к оскорблению украинцев вообще чествуется правильное про российское ЗА! Украина это пример тем кто поведется на всякие там подкаты и договора с США, Иран правильно поступает им как и Украине дадут ""бамажки"", а после подписанты порвут страну на части. А вообще да РФ Путлира может пулять как в копеечку по всей Украине, но не долго даже деньги основных спонсоров ЕС частично США Индии и Китая маловато что бы каждый день тратить только на обстрелы 100-150 миллионов рублей, а нужно еще на наземную 1.1-1,5 лярда + техника в хранилищах уже того.",-1
"В истории Европы были , действительно мрачные и темные пятна, когда она изменяла своим же принципам христианского гуманизма и достоинства личности каждого человека. Если бы Европа не изменилась бы и продолжила творить такой же ад , то да -- вот тогда можно было бы говорить о ""закате Европы"". 
И на фоне этих мрачных страниц казус с болельщикам или инцинденты или с маргинальными преступнкиами -- это ничто. Масштабы бедствий несопоставимы. Говорить о ""закате"" можно только , если не ценить все предыдущие достиижения.",0
"За то что Россия уничтожает украинскую инфраструктуру и е электростанции спосибо Трампу 
За эти полтора года благодаря сделок Трампа Россия причинила на много больше вреда украине чем за предыдущие 2.5 года
Все эти сроки 2 недели 2 месяца Трамп согласовывает с Кремлем",0
Так Украина должна отдать Донбасс потому что у Трампа видите ли выборы? Тю. Он и так их проиграет хоть с Донбассом хоть без.,-1
"Ещё Тупин кинул свое ИПСО с убитым генералом. То,что хотел Путин,почти достигнуто ,но осталось...... Увидим",0
"Как бы не рассказывали нам уважаемые наши спикеры о том, какая коррумпированная , непоследовательная и тупая Украина , дело не в Украине. В этой войне проиграли прежде всего США Рональда Рейгана , Байдена и Трампа. 
У Зеленского нет шансов попасть на второй президентский срок. 
И , если говорят о том, что Трамп - это умный человек, который изображает из себя сумасшедшего , то главной из причин его такого поведения является стратегическое поражение США в войне против России.",0
"Трамп продает Путину веревку на которой он хочет повесить США, нато и Евросоюз.
Надеюсь Трамп не такой тупой и это всеволишь хитрый план",-1
"Украинцы - герои, но такие упрямые!",1
Израильское лобби самое сильное в США? Так почему тогда у вас процветает антисимитизм?,0
"Рассказываю зачем наращиваю золотые резервы. Когда страна развалиться и придут орки они это золото заберут с собой как Янукович сделал, а людей оставят опять с 0 буджетом",0
28:30 Вечер перестаёт быть томным. Пациент проводил совещание на уровне правительства. Санитара в палату! У больного обострение!,-1
"Я только за русский язык. Я Киевский и живу в Америке . Но я переживаю за Украину. И мне бы хотелось,приехать в Киев и не придумывать украинские слова и не стоять мэксть и бэкать",0
"Сергей, ну какая тут демократия? Референдум - это голосование о доверии. 
Народу не надо знать секретных данных. Мы вам говорим все будет хорошо и мы победим - верите или нет? Демократия наступает тогда, когда примерно 80% говорит - нет, не верим и сносит правительство. Вот так это работает.",0
"Исходя из всего вышесказанного Любарским, появляется закономерный вопрос: а на чьей стороне США и Трамп?",0
"У Трампа есть бумажка где он умывает руки смешно
А моморандум забыли всенет не дадим",-1
"Предсказание от предсказавшего, что Камала Харрис победит на выборах )))",0
15:58 весь мир сейчас живет не в ладах со здравым смыслом.,0
"За инфу из Энергодара спасибо, не ожидал. Поделюсь версией почему бомбардиовки ТЭЦ Украины пошли только в последнее время. Думаю они примерно совпали по времени со снижением цены на нефть. Логика Путина имхо примерно следующая. Процесс передачи Украины в РФ шел как было при Байдене и это был стабильный, а значит, примерно устраивающий всех, уровень. Затем пришел Трамп и после полугода примерно своего правления решил затруднить нам войну, понизив нам доходы через понижение цены на нефть. Мы тоже тогда затрудним ему войну. Но мы не можем понизить ему доходы. Тогда мы поднимем ему расходы, заставив чинить все важное на своем украинском плацдарме, мы это важное разбомбим. А не будет чинить - народ разбежится, это нас тоже устроит. Ваш ход, мистер Трамп.",1
"Lindsey Vonn не должна была этого делать. Во-первых, она заняла чьё-то место. Кто-то пропустил Олимпиаду из-за её тщеславия. Она прекрасна, но подала плохой пример на будущее. Такое уже делала Michelle Quan кажется, когда заняла чьё-то место и отказалась выступать из-за нервного срыва.",0
"Любарский получает по моемуудовольствие анализировать ( то есть Ванговать)для Украины плохие сценарии , каждый день все мрачнее.",-1
"Я об этом начал писать и говорить еще с 2023 года. Что Украине нужно заключать мир с РФ иначе последствия будут очень плачевными с погружением в каменный век. Что мобилизация путем бусификации и фактическое прекращении правовой системы это путь в поражение, что нельзя плевать в колодец от куда пьешь проворачиваясь разные схемы с зерном и сельхоз продукцией в ЕС, нельзя разъединять общество обзывая беженцев предателями и вводя против них рнпресивных мер, нельзя подпитывать разделение внутри страны, необходимо содействовать объединению украинце.Меня украинцы в большинстве обозвали предателем, москалем и сьебиком. Вот сейчас к некоторым после пьянки приходит тяжкое похмелье. Западу выгодно поддерживать эту войну максимально длительно для обескровливания раши.судьба украинцев и Украины для них неинтересна, они просто торпеда. Торпеда отыграет свою роль и будет выброшена за ненадобностью. Никто Украину в ЕС не возьмет и платить деньги на восстановление не будет. Все может вообще с большой вероятностью закончиться Гражданской войной всех против всех. Когда вернутся военнные и начнут тыл и беженцев обвинять в проигрыше войны начнется резня, которой воспользуется Путин для окупации всей Украины. И очень повезет если Польша, Венгрия и Румыния захотят поучаствовать в этом дележе иначе украинцев ждет полный геноцид в классическом понимании этого слова.",0
"Какая чудесная, изощренная работа на кремль.Все время постоянная критика Украины и агитация за ее капитуляцию.А теперь запугивающие картины будущего Украины летом с туалетами в кулечках и отсутсвием продуктов в магазинах.И этого типа еще пускали в Украину для его активной подрывной деятельности. Он вызывает рвотный рефлекс.",-1
"Спасибо, Сергей! Почти по всем вопросам согласен с Вашими выводами. А также ценю Ваши просветительские усилия. 
Жаль, что не могу себе позволить подписаться на Ваш канал ""кофе"" , что порой досадно.",1
"Любарский, скажите, когда Россия потребовала от Украины отдать Домбас? Какой российский чиновник сказал, что Украина должна отдать Домбас России, и тогда война закончится? Когда и где вы слышали такое требование??? Совсем недавно, несколько месяцев назад, Путин очень четко заявил: украинская армия должна быть выведена. Точка. ВЫВЕДЕНА!!! Без каких-либо упоминаний о Домбасе или других украинских территориях. Это означает вывод войск из Украины. Это капитуляция. И у них нет других желаний. Эти идиоты Витков, Трамп говорил о Домбасе, это была просто их глупость. Путин вытирает ноги о Трампа и всю Америку. Россия предложила Трампу бизнес-планы космического масштаба. Они нереалистичны, у России нет ни единого рубля для инвестиций, и она на световые годы отстает от США в технологиях. Но идиот Трамп падает в обморок от счастья, когда видит цифры, и совершенно не понимает, что это просто издевательство. [Как вам понравилось предложение прорыть туннель между Аляской и Чукоткой?] Россия предлагает Трампу бизнес за сумму, которую она никогда не зарабатывала за всё время своего существования.
Обстрелы Украины усилились, потому что Путин обрёл союзника — президента США Трампа. Трамп служит Путину, это очевидно всем нормальным людям. Документы Эпштейна показывают реальные причины и связи.
И вы смеете обвинять Украину в самообороне и маневрировании в попытке выжить??? В ваших обзорах ложь и демагогия, демагогия и ложь, в каждом слове мы видим школу Ю. Латыниной.",-1
Что несет этот дядя?,-1
"Можно убежать из совка, но только совок в тебе останется навсегда. Так тянет товарища Любарского облизать РФ. Меньше коррупции, больше порядка , ну черт побери, что ты несёшь?",-1
"Лично я жду, что прилетят инопланетяне и сожгут Россию. 
Но, ваш анализ, конечно наводит на грустные размышления. Я вот жду, когда вы сойдетесь со мной, что ""сжечь Конча-Заспу"" - может радикально перенастроить общество. Я не понимаю, как при живых Ахметове, Порошенко, Тимошенко, Зеленском - можно пытаться что-то рефлрмировать.",0
"С Любарским что-то странное происходит. 
А не Трамп ли дал всю поддержку этому?",-1
Вопрос.На сколько Зеленский человечнее ВВП.Жизнь человека для кого больше из них представляет абсолютную ценность?,0
"Я русскоязычный в Украине,. Если вы не понимаете на 13 год войны почему тут некоторых людей корёжит от русской речи, попробуйте как еврей представить, что после гитлеровского концлагеря вы слышите немецкую речь. Удивило бы вас, что некоторых ваших соузников корёжит от немецкой речи? У меня в Харькове снесли памятник Пушкину. Вас удивляет это? Но вы же еврей, насколько я понимаю. Вас не удивляет отсутствие памятников Вагнера в Израиле? Скажите, запрещено Вагнера в Израиле публично на улицах играть, или это мне насвистели?",-1
"Провести переговоры летом в Майами - отличная идея. Запереть Путина с Зеленским в гараже под палящим солнцем и не выпускать, пока не договорятся",1
"Может быть и возможно было сдать Донбасс и прекратить войну, но Трамп же не дал никаких гарантий безопасности. Это именно Трамп сорвал мирные переговоры.",0
"Взгляд из Казахстана. Поспорю Любарским. Если ВСУ отдадут Славянск и Краматорск Путин подпишет мирный договор. Статус русского языка для него отойдёт на второй план. Он может сослаться на то, что Украина всё равно не выполнит соглашение по языку. А здесь готовые территории.. Можно будет сказать со Славянска всё начиналось и здесь всё должно быть закончено.",0
"К окончанию 4 года войны Любарский начал осозновать, что Россия клепает ракеты. Да он гений. Осталось только понять, что Запад не клепает ракеты, а в чистую проиграл гонку вооружений. Поэтому Россия вынесет если нужно и Украину , и Европу отправив их в 17 век. В старину умные правители заключали мир на условиях победителя до уничтожения своей страны. Зеленский будет воевать до последнего украинца и полного уничтожения экономики. Любарский будет ругать Трампа. Только ни хрена это не изменит. Россия не допустит на своей границе враждебное государство, которое угрожает безопасности.",-1
"Вся так называемая помощь Запада – уже менее 0,2% ВВП. Никогда в своей истории Запад во главе с США не переживал такого позора!",0
"Из всех вариантов Украина выбирет самый плохой. То есть, хотите знать как всё будет дальше, исходите из указанного правила.",0
"У Украины уже был компромисс— Будапештский меморандум. Вы хотите толкнуть Украину на подписание еще одной филькиной грамоты? Сами же говорите, что Трамп не дает гарантий безопасности. Хорошие учителя у Украины были. Научили, что ваши гарантии не стоят куска бумаги, на которой они подписаны.",-1
"Как же он достал своими сроками,этот рыжий президент просто рехнулся умом,неужели было до сих пор непонятно?, что с террористами и убийцами переговоры не ведут!",-1
Да. Абсурд. Извилин у народа мало. Только две.,-1
"вина которую предьявят сша в качестве оплаты за проезд : будет интересная ,трам когда критиковал байдена за капельные поставки оружия делает то же самое и спектакль который они все играют очень прост ,сперва замануха ,потом глубокий вход россии что бы не имели возможности выйти и громкие крики ...это не моя вина это все байден виноват ,но сливки почему то сгребает все то же сша ,значит байден не так уж и виноват . а если бы не было россии то и оружие сша ни кому не нужно бы было .т.е. сперва в мире создается проблема ,а потом те кто ее создал помогают ее разруливать",0
"""трамп дал срок до йюня"" - эта как за 24 часа? или чтото иное?",0
"Сопротивление ""мирового' чего? Говна?",-1
"Это уже похоже на сериал,перекройте денежный ручеек,и войза закончится через неделю",0
Смотрю что-то логика Сергея кастрле галовым не очень нравится.,-1 
"Уважаемый Сергей! Как всегда комар носа не подточит! Эту тему Вы осветили превосходно! Жаль только, что на руснявом тв об этом никто не упомянет, им хоть сц@ в глаза.... А Вам БРАВО!!!",1
Отличная лекция!,1
Хороший ролик. Понравился.,1
"Спасибо огромное очень интересная информация,,,",1
"Очень интересно. Правда, ощущается тенденциозное о ношение к России. Иван Грозный - кровавый тиран. Его современник Генрих VIII ничем не лучше. Прежде чем русские начнут извиняться перед татарами, наверное, те должны извиниться первыми за 200 лет набегов и чудовищных разрушений.",1
Спасибо за правдивую информацию.,1
"Спасибо большое за труд. Слушал с интересом. Век живи, век учись",1
"Спасибо, было очень интересно-поучительно",1
"Нравится,хороший канал смотрел,смотрю и буду смотреть,молодец !",1
Отличный ролик,1
Очень правильно рассказано и всё верно.,1
"️«С ТОЧКИ ЗРЕНИЯ СЕГОДНЯШНЕЙ МОРАЛИ « Благодарю Вас ! Это , я бы сказала, всё та же теория относительности. Спасибо ещё раз! You made my day! С точки зрения морали мы не должны сравнивать, потому что сегодняшняя мораль не применима… А как устанавливают границы применения и не применения моралей ?",1
"Очень интересные подробности, спасибо",1
"С детства начитавшись Купера всегда интересовался индейцами но здесь оказалась очень много новых сведений, спасибо!",1
Спасибо,1
Очень интересно! спасибо,1
"Спасибо за историю. Аманат - это история тюркская, пришедшая из древности. Козаки - это бастарды тюрков, обращенные в православие, поэтому в их традиции вошло это понятие, которое естественно извращенно до жестокости. На самом деле аманат - процесс, история которого очень интересный. Прочтите про это.",1
"Очень убедительно по сути, но всё-таки постарайтесь уменьшить количество оговорок... Как-то обидно становится за замечательного и уважаемого автора!",1
"Класс, новая история, с запашком",1
"Спасибо огромное ! Вы открыли мне глаза, дали возможность посмотреть на Аляску с другой стороны.",1
Очень интересная передача! Спасибо Сергей!,1
"Спасибо, УВ.Сергей! Очень полезная информация!)",1
"Спасибо за информацию, огромное спасибо. Столько нового узнала.",1
Очень интересно Спасибо,1
"Спасибо, актуально",1
"Получаю большое удовольствие от этих сравнительных исторических экскурсов, спасибо)",1
"Спасибо за информацию. Ведь всем нам , в школе ещё говорили небылицы . И многие до сих пор рвут горло про русскую Аляску. А ведь легко устроить пропаганду , Расторгуев спел про Аляску и понеслось по всей России . Те кто живёт в России с ненавистью завидуют тем кто живёт за границей .",1
"Спасибо, очень увлекательно и познавательно.",1
"Спасибо за поделившееся видео, оно потрясающее! У меня есть простой вопрос: в моем кошельке OKX есть немного USDT, и у меня есть 12 слов (clap zone acid tube also among tape museum boy film soda salt). Как я могу отправить их на Binance?",1
Спасибо. Интересный эескурс в историю,1
Поддерживаю!,1
"Мощный ролик! Сергей, спасибо за ваш труд!",1
"Спасибо, Сергей. Емко, доходчиво, информативно , как всегда.",1
"13:15 Фолликул, не фурункул ! Спасибо Сергей, за очень интересный выпуск!",1
"В целом согласен. Но почему сделан акцент на русских? А британцы выставлены белыми и пушистыми. Они и сейчас пытают самыми извращенными методами. А афганистан, а черноопые кавказцы? А про свой народец гуманный что не упомянул? Достаточно Ветхий завет почитать, чтоб понять, что исключений не было. А что вы сегодня в Газе творите? Согласен, те еще те животные, но вы то не лучше. Вывод то прост времена идут, а ничего не меняется.",1
Уважаемый расскажи про резервации индейцев ! Которые до сей пор существуют .,1
Я узнал много нового про покупку Аляски. Большое спасибо Автору видео,1
"Спасибо, как всегда очень приятная манера подачи информации, логично и справедливо.",1
"Живу на Дальнем Востоке,неоднократно бывал в Петропавловск-Бомжатском фото достоверны подтверждаю!",1
Повезло всем у кого нет границ с рфией...,0
"Аляске сказочно повезло, что ее продали!",1
"Я живу в Канаде и канадцы очень любят круизы на Аляску,все приезжают в полном восторге .Им даже устраивают рыбалку на горбушу и затем эту рыбу присылают в Канаду.Аляска просто щастливица ,что стала американской.",0
"Был на Камчатке в 1979 и путешествовал по Аляске в течение месяца в 2008 в рех туристических маршрутах от Прудое, Фэйбенска до Анекориджа, сплавлялся по бурной реке, на байдарке, летал на вертолете над горами, фотографировал ландшафт, ледники, видел свободных людей, которые могут работать и отдыхать",0
"Спасибо, Сергей. 
Очень кратко и информативно.",1
"Моя подруга из Одессы. Мы общаемся каждый день, их бомбят, муж мобилизован, она просит меня как можно меньше говорить о войне, иначе, она говорит - совсем поеду мозгами. Она хореограф, ставит спектакли, вчера ходила в цирк, по её словам - окунуться в чистое счастье. Говорит в театр на драму не могу и не хочу. Это такое психологическое явление, человек не может 4 года подряд заглядывать в бездну смерти это механизм психологической защиты от этой беды, стараться жить так, будто войны не существует. Пишу Вам из Израиля, потому на собственной шкуре понимаю, о чем говорю. Во время последней иранский войны, ежедневно до бомбежки танцевала фламенко и ездила в магазин, с макияжем...",0
"Повністю згоден з Марком с приводу що нас влаштовує моя хата з краю. На початку повномасштабки люди і вийшли не за свою державність, а саме за свою хату та свої сімї. Потім зрозуміли що війна якась дивна, допомога якась дивна, держава з людьми не еволюціонували і всі рукою махнули продовжили піклуватись про свої сімї.",1
"Сергей, ваша упоротость просто поражает. Вам Марк Солонин прямо говорит - пиздят власти миллиардами на ненужных асфальтах, уже живые готовые к использованию деньги. Но у вас сальмон в супермаркете, привезенный частным бизнесом, застрял в глазу. Этот сальмон сейчас покупает несколько процентов от всего населения, абсолютное большинство сводит концы с концами. Вы просто проживаете в Киеве, самом благополучном с финансовой стороны городе Украины. Вы действительно не можете соотнести несопоставимое?",-1
"Думаю интересно сделать передачу: Как продавали оружие Украины с 1991г, если не страшно.",0
Моя хата с краю формула выживания народа в отсутствии государства,0
"Киевская городская власть укладывает не асфальт и бордюр, а наши деньги себе в карман.",0
"Хочу попытаться объяснить отношение
"" рядового"" украинца к власти.
В любой момент своей жизни, когда я обращался к государству за помощью, не важно за какой. Получить какую-то справку, заболел, рождается ребёнок (а их у меня три), я всегда слышал одно- ""дай"". Поэтому такое отношение.",0
"Сергей отличный образец постсоветского человека, успев вовремя сигануть за забор, на территорию где живётся хорошо и сытно, а теперь требует натянуть поверх этого забора колючку и пустить по ней ток.",-1
"Мой муж воюет, я сижу под бомбами и без света, я работаю и плачу налоги в бюджет Украины. И я та самая женщина, которая ходит по Крещатику накрашенная и иногда сижу в кафе или в ресторане. В чем нонсенс, почему п Любарского удивляют накрашенные девушки на Крещатике? Хотя он сказал , что ничего не имеет против них, прозвучало не убедительно ...",-1
"Финальная фраза очень печальна,но,наверное и к сожалению правдива...",1
"Люди стараются о войне не говорить даже дома , на кухне, не говоря уже в компании.Разные взгляды, разное отношение к происходящему, поэтому лучше не говорить о войне.Кого коснулось, того коснулось, а не коснулось- авось пронесёт! Так и живём...",0
23:37 Чистейшую укр.речь в Канаде услышать крайне сложно. Любарский что-то путает.,-1
"Уважаемый Сергей ! Если Вы Аналитик, то не будете так эмоционален, как Пропагандист . Иосиф",-1
"Статистика Кубы — это величайшая иллюзия. Высокие места в рейтингах (ИЧР) они держат за счет медицины и грамотности, заложенных еще 40 лет назад. Но цифры не едят.
В реальности на Кубе сейчас худший кризис за полвека: зарплаты по $20–30, очереди за хлебом по 8 часов и веерные отключения света просто из-за ветхости ТЭС. В Украине, даже несмотря на тяжелейшую войну, работают банки, сервисы, бизнес и полные магазины.
Соцсети не врут: на Кубе люди бегут от безнадежности и пустоты, а в Украине борются за будущее. На бумаге ты — здоровый и грамотный кубинец, а на деле — не можешь купить пачку аспирина без связей. Статистика — это цифры, а жизнь — это возможности, которых на Кубе сейчас просто нет",0
"Сдается мне, что когда Сергей говорит о Арестовиче то его позиция определяется не проходящей обидой за отказ Арестовича дебатировать с ним",-1
"Если наше правительство хочет воевать,пусть идут на фронт дети наших депутатов,сколько можно это терпеть",1
"Изменчива наша земная стезя,
Идём то туда, то обратно.
Зайти в одну воду конечно нельзя,
А в то же говно - многократно...",0
"Одна болтология в Европе, на том все и закончится.",-1
"Киру Стармеру хочется посоветовать для начала нарастить силу настолько, чтобы прекратить изнасилование девочек на своей суверенной территории и прекратить отрытую пропаганду уничтожения существующего порядка и замены его на религиозные нормы",0
"ТЦК ненавидят вовсе не потому, что не хотят воевать, а потому что эти нелюди творят беспредел. Пытают, похищают, у6ивают и калечат. И это не ""перегибы на местах"", а системное явление.",1
Про американскую ФБР мафию будет? Которая за яйца клан Байденов держала? Эпштайн в тюрьме в США как так самоубился? Это средневековье или это другое?,1
"Эта тетечка ранее сказала, что если бензин дорогой, то европейцы должны сесть на велосипеды.",0
"Ни один из этих ""лидеров"" не сказал о не контролируемой миграции и что они будут делать с теми мусульманами, которые уже являются гражданами. Ужас!!!",-1
"Чем пафоснее слова политика, тем меньше стоит ожидать от него действий.",0
"Этот ""великй эксперт"" современности перед войной 2022 говорил, что, если начнётся война, он первый возьмёт в руки оружие и пойдёт на фронт воевать... он только забыл указать, какой фронт - фронт болтологии и краснобайства...",1
Гордон уже давно переплюнул профессора Соловья.,0
"Включил начало погромче, жена меня выгнала с кухни, я ржал как конь",-1
"Гордон говорит - ""война навсегда"", видимо скоро закончится.",1
"Пока живы такие гордоны, портниковы и им подобные, война действительно не закончится.",0
Самое печальное что такие даже спустя 4 года всё ещё в топах . это большой материал для психиатрии масс,0
